dataset,phase,u_cmd,w0,wss,K_degps_per_u,tau_s,n
NO_LOAD,STEP_NEG_0.100,-0.1,-6.814,0.0,-68.14,0.36651527206096707,402
NO_LOAD,STEP_NEG_0.150,-0.15,-3.726,0.0,-24.84,0.40727162136071887,402
NO_LOAD,STEP_NEG_0.200,-0.2,-3.082,0.0,-15.409999999999998,0.22548401883517388,400
NO_LOAD,STEP_POS_0.100,0.1,1.406,0.0,-14.059999999999999,0.4523773910396083,400
NO_LOAD,STEP_POS_0.150,0.15,1.007,0.0,-6.713333333333333,1.8578195959961736,402
NO_LOAD,STEP_POS_0.200,0.2,1.199,0.0,-5.995,0.43046210052033307,402
BEAM_LOAD,STEP_NEG_0.100,-0.1,-3.548,0.0,-35.48,0.9549296900753638,401
BEAM_LOAD,STEP_NEG_0.150,-0.15,-4.716,0.0,-31.44,0.3141118920586969,401
BEAM_LOAD,STEP_NEG_0.200,-0.2,-5.175,0.0,-25.874999999999996,0.3518954249707075,401
BEAM_LOAD,STEP_POS_0.100,0.1,3.162,0.0,-31.619999999999997,0.45819154068648366,400
BEAM_LOAD,STEP_POS_0.150,0.15,7.671,0.0,-51.14,0.3660232310175849,402
BEAM_LOAD,STEP_POS_0.200,0.2,4.0215,0.0,-20.107499999999998,0.4450891639586092,401
